product_id,ingredient_name
1,zinc gluconate
1,magnesium sulfate
1,citric acid
3,heptapeptide-15 palmitate
3,alanine
3,arginine
3,glycine
3,histidine
3,isoleucine
3,proline
3,serine
3,threonine
3,valine
3,linoleic acid
3,linolenic acid
3,lecithin
3,sodium lactate
4,cholesterol
4,zinc gluconate
4,plankton extract
4,chlorella vulgaris extract
4,caffeine
4,tetrahexyldecyl ascorbate
4,urea
4,lecithin
4,trehalose
5,magnesium sulfate
5,cholesterol
5,perfluorodecalin
5,citric acid
5,retinyl palmitate
5,palmitoyl oligopeptide
5,ascorbic acid
6,lecithin
7,citric acid
9,squalane
9,urea
10,zinc gluconate
10,magnesium sulfate
10,citric acid
11,algae extract
11,citric acid
13,cholesterol
13,squalane
15,lactic acid
15,glycolic acid
15,citric acid
15,gluconolactone
16,citric acid
16,ascorbic acid
16,ferulic acid
16,acetyl glucosamine
16,glycine
16,sodium lactate
16,citric acid
16,glycolic acid
16,salicylic acid
16,lactic acid
16,citric acid
16,allantoin
16,citric acid
16,acetyl glucosamine
16,tetrahexyldecyl ascorbate
16,glycine
16,lecithin
16,lecithin
16,citric acid
17,squalane
17,allantoin
18,trehalose
18,caffeine
18,magnesium ascorbyl phosphate
19,algin
19,serine
20,chlorella vulgaris extract
21,zinc gluconate
21,magnesium sulfate
21,citric acid
22,squalane
22,trehalose
23,squalane
24,adenosine
24,citric acid
25,urea
26,homosalate
26,ethylhexyl salicylate
26,butyl methoxydibenzoylmethane
26,octocrylene
26,allantoin
26,sodium lactate
26,palmitoyl oligopeptide
26,ascorbyl palmitate
26,ascorbic acid
26,citric acid
28,lactobacillus ferment
28,caffeine
28,citric acid
29,urea
30,ascorbyl glucoside
31,adenosine
31,citric acid
32,algae extract
35,sulfur
35,cholesterol
35,perfluorodecalin
35,citric acid
37,trehalose
37,ascorbyl glucoside
37,magnesium sulfate
37,zinc sulfate
38,squalane
38,urea
38,magnesium sulfate
38,zinc sulfate
38,phytosphingosine
38,acetyl glucosamine
38,ascorbyl glucoside
40,octinoxate
41,algae extract
42,citric acid
43,caffeine
43,trehalose
43,lactobacillus ferment
44,lactic acid
44,glycolic acid
44,bakuchiol
44,linoleic acid
44,linolenic acid
44,citric acid
45,salicylic acid
46,glycolic acid
46,lactic acid
46,beta glucan
47,ascorbic acid
47,citric acid
48,algae extract
49,allantoin
52,allantoin
53,zinc gluconate
53,chlorella vulgaris extract
53,acetyl glucosamine
53,caffeine
53,tetrahexyldecyl ascorbate
54,squalane
54,tetrahexyldecyl ascorbate
57,trehalose
57,salicylic acid
57,phospholipids
57,arginine
57,caffeine
57,cholesterol
57,linoleic acid
57,tetrahexyldecyl ascorbate
57,squalane
57,lecithin
58,bifida ferment lysate
58,lactobacillus ferment
58,acetyl glucosamine
58,trehalose
58,caffeine
58,citric acid
59,citric acid
60,squalane
60,arginine
61,tetrahexyldecyl ascorbate
61,linoleic acid
61,citric acid
61,linolenic acid
61,ascorbic acid
62,arbutin
62,lecithin
63,squalane
63,magnesium ascorbyl phosphate
64,citric acid
65,citric acid
67,magnesium sulfate
68,trehalose
68,urea
68,caffeine
68,linoleic acid
68,cholesterol
68,lecithin
68,squalane
69,squalane
69,lecithin
69,bisabolol
69,citric acid
71,magnesium sulfate
71,cholesterol
71,perfluorodecalin
71,citric acid
71,retinyl palmitate
71,palmitoyl oligopeptide
71,ascorbic acid
72,squalane
72,algae extract
73,algae extract
73,caffeine
73,cholesterol
73,citric acid
73,linoleic acid
73,magnesium ascorbyl phosphate
74,caffeine
74,algae extract
74,sodium lactate
74,squalane
74,acetyl glucosamine
74,citric acid
75,bifida ferment lysate
75,algae extract
75,cholesterol
75,fructooligosaccharides
78,magnesium sulfate
78,zinc sulfate
80,allantoin
80,tetrahexyldecyl ascorbate
81,allantoin
81,adenosine
82,ascorbyl palmitate
82,caprooyl phytosphingosine
82,caprooyl sphingosine
82,cholesterol
82,citric acid
84,glycosphingolipids
84,squalane
84,glycoproteins
84,allantoin
84,retinyl retinoate
84,citric acid
85,algin
85,adenosine
85,citric acid
87,lactobacillus ferment
88,squalane
88,ascorbic acid
88,retinyl palmitate
88,algae extract
88,citric acid
88,lactobacillus ferment
88,palmitoyl oligopeptide
89,chlorella vulgaris extract
93,squalane
93,ahnfeltia concinna extract
93,caffeine
93,cholesterol
93,linoleic acid
93,citric acid
95,magnesium sulfate
95,zinc sulfate
95,ascorbyl glucoside
98,zinc gluconate
98,alteromonas ferment extract
98,chlorella vulgaris extract
98,cholesterol
98,linoleic acid
100,glycolic acid
100,citric acid
100,mandelic acid
100,adenosine
101,glycolic acid
101,arginine
101,caffeine
101,zinc gluconate
101,phytic acid
101,carnosine
102,adenosine
103,chlorella protothecoides oil
103,algae exopolysaccharides
103,retinyl palmitate
104,retinyl palmitate
104,ascorbyl palmitate
105,adenosine
105,citric acid
106,padina pavonica thallus extract
106,caffeine
106,trehalose
106,citric acid
108,allantoin
108,retinyl palmitate
108,citric acid
108,ascorbyl palmitate
110,tetrahexyldecyl ascorbate
111,salicylic acid
111,caffeine
111,arginine
111,phospholipids
113,glycolic acid
113,lactic acid
113,citric acid
115,homosalate
115,ethylhexyl salicylate
115,butyl methoxydibenzoylmethane
115,octocrylene
115,allantoin
115,sodium lactate
115,palmitoyl oligopeptide
115,ascorbyl palmitate
115,ascorbic acid
115,citric acid
116,lecithin
118,squalane
119,adenosine
120,squalane
120,linoleic acid
120,linolenic acid
121,citric acid
123,chlorella vulgaris extract
125,retinyl palmitate
125,ascorbyl palmitate
125,dipeptide diaminobutyroyl benzylamide diacetate
125,perfluorodecalin
125,palmitoyl oligopeptide
126,squalane
128,zinc gluconate
129,lecithin
129,citric acid
129,lactic acid
130,zinc gluconate
130,citric acid
131,phytosphingosine
133,shea butter
133,yeast amino acids
133,taurine
133,trehalose
133,avocado oil
133,tetrahexyldecyl ascorbate
133,linoleic acid
133,phospholipids
133,urea
133,bisabolol
133,palmitoyl oligopeptide
133,retinyl palmitate
133,allantoin
134,citric acid
134,retinol
135,squalane
135,phospholipids
135,citric acid
135,algae extract
136,caffeine
137,lactobacillus ferment
137,algae extract
137,sodium lactate
138,squalane
138,retinyl propionate
138,retinol
138,urea
138,yeast amino acids
138,trehalose
138,taurine
138,macrocystis pyrifera (kelp) extract
138,lecithin
138,zinc gluconate
142,squalane
142,lactococcus ferment lysate
142,allantoin
142,bisabolol
142,linoleic acid
142,phospholipids
142,lactic acid
142,citric acid
144,algae extract
144,caffeine
144,trehalose
145,algae extract
145,squalane
145,trehalose
145,urea
145,citric acid
145,lecithin
147,magnesium sulfate
147,zinc sulfate
147,ascorbyl glucoside
147,acetyl glucosamine
147,phytosphingosine
148,ascorbyl glucoside
149,ferulic acid
149,retinol
149,glycolic acid
149,lactic acid
149,adenosine
149,citric acid
149,ascorbyl palmitate
151,ascorbic acid
151,glycine
151,alanine
151,proline
151,serine
151,threonine
151,arginine
151,lysine
151,algae extract
151,zinc gluconate
151,caffeine
152,linoleic acid
152,glycolic acid
152,lactic acid
152,linolenic acid
152,salicylic acid
152,macrocystis pyrifera (kelp) extract
152,bisabolol
152,allantoin
152,phytic acid
155,allantoin
156,ascorbyl glucoside
156,cholesterol
156,linoleic acid
156,salicylic acid
156,trehalose
156,squalane
158,squalane
158,urea
158,allantoin
159,squalane
159,retinol
159,urea
159,yeast amino acids
159,trehalose
159,taurine
159,glycolipids
159,lecithin
159,magnesium ascorbyl phosphate
159,allantoin
162,trehalose
162,tetrahexyldecyl ascorbate
162,caffeine
162,cholesterol
162,lecithin
162,linoleic acid
162,phytosphingosine
162,squalane
162,citric acid
163,cholesterol
163,zinc gluconate
163,chlorella vulgaris extract
163,plankton extract
163,caffeine
163,trehalose
163,tetrahexyldecyl ascorbate
163,urea
163,lecithin
164,lecithin
165,squalane
165,chlorella vulgaris extract
168,urea
168,yeast amino acids
168,trehalose
168,taurine
168,phospholipids
168,retinyl palmitate
168,ascorbyl palmitate
168,ectoin
168,tetrahexyldecyl ascorbate
168,tripleurospermum maritimum extract
168,zinc gluconate
169,squalane
169,trehalose
169,caffeine
169,linoleic acid
169,lecithin
169,tetrahexyldecyl ascorbate
171,citric acid
172,citric acid
172,glycolic acid
172,lactic acid
175,trehalose
176,trehalose
176,citric acid
177,zinc gluconate
177,chlorella vulgaris extract
177,acetyl glucosamine
177,caffeine
177,tetrahexyldecyl ascorbate
178,phospholipids
178,algae extract
178,tetrahexyldecyl ascorbate
178,lecithin
178,allantoin
179,squalane
180,ascorbyl glucoside
180,zinc gluconate
180,sesame seed oil
180,retinyl palmitate
181,algae extract
182,retinol
182,ferulic acid
182,phospholipids
182,linoleic acid
182,linolenic acid
182,mandelic acid
182,lactic acid
182,retinyl palmitate
183,ascorbyl glucoside
183,lecithin
183,caffeine
183,cholesterol
183,tetrahexyldecyl ascorbate
183,linoleic acid
183,squalane
183,urea
183,bisabolol
183,trehalose
184,zinc gluconate
185,cholesterol
185,linoleic acid
185,caffeine
185,acetyl glucosamine
185,linolenic acid
185,phospholipids
185,trehalose
185,sodium lactate
186,algae extract
188,squalane
188,ascorbyl glucoside
188,algae exopolysaccharides
188,algae extract
188,palmitoyl oligopeptide
188,sodium lactate
189,caffeine
189,trehalose
189,squalane
189,magnesium ascorbyl phosphate
190,adenosine
190,lactic acid
191,
193,glycine
193,squalane
193,superoxide dismutase
193,lactobacillus ferment
193,glycolic acid
193,lecithin
193,citric acid
194,squalane
194,bisabolol
195,caffeine
195,trehalose
195,lactobacillus ferment
196,alanine
196,proline
196,serine
197,trehalose
197,caffeine
197,citric acid
197,magnesium ascorbyl phosphate
198,citric acid
201,caffeine
202,algae extract
202,plankton extract
202,acetyl glucosamine
202,linoleic acid
202,caffeine
202,trehalose
202,zinc pca
202,cholesterol
202,lecithin
202,citric acid
204,ethylhexyl salicylate
204,butyl methoxydibenzoylmethane
204,tetrahexyldecyl ascorbate
204,allantoin
204,bisabolol
204,citric acid
206,alteromonas ferment extract
206,acetyl glucosamine
206,trehalose
206,algae extract
206,caffeine
206,cholesterol
206,citric acid
206,tetrahexyldecyl ascorbate
208,squalane
208,shea butter
208,urea
208,citric acid
209,ascorbyl glucoside
210,ascorbyl glucoside
213,squalane
213,caffeine
216,arbutin
217,algae exopolysaccharides
218,glycolic acid
218,ascorbyl glucoside
218,squalane
218,allantoin
218,gluconolactone
218,arginine
218,lecithin
218,adenosine
218,bisabolol
220,urea
220,yeast amino acids
220,trehalose
220,taurine
220,phospholipids
220,ascorbyl palmitate
220,zinc gluconate
220,ascorbic acid
221,trehalose
221,caffeine
221,bisabolol
222,sweet almond oil
223,ascorbyl palmitate
224,gluconolactone
224,bifida ferment lysate
224,lecithin
224,adenosine
224,retinol
224,glycolic acid
224,ascorbyl palmitate
224,citric acid
224,lactic acid
224,ascorbic acid
227,caffeine
227,citric acid
228,trehalose
230,trehalose
230,adenosine
230,gluconolactone
230,citric acid
231,phospholipids
231,glycolic acid
231,lactic acid
231,lactobacillus ferment
231,citric acid
232,squalane
232,bisabolol
232,cholesterol
232,linoleic acid
232,tetrahexyldecyl ascorbate
233,algae extract
233,caffeine
233,acetyl glucosamine
233,lecithin
234,trehalose
234,taurine
234,serine
234,urea
234,cholesterol
234,yeast amino acids
234,phytosphingosine
234,lecithin
234,sodium ascorbyl phosphate
234,algin
237,trehalose
237,serine
237,glycine
237,alanine
237,lysine
237,arginine
237,threonine
237,proline
237,zinc gluconate
239,urea
239,trehalose
239,serine
239,algin
239,ascorbyl palmitate
239,ascorbic acid
239,citric acid
242,caffeine
242,algae extract
244,squalane
244,glycolic acid
244,shea butter
244,cholesterol
244,willow bark extract
245,squalane
245,magnesium sulfate
245,zinc sulfate
245,ascorbyl glucoside
246,trehalose
246,serine
246,citric acid
246,plankton extract
247,tetrahexyldecyl ascorbate
247,caffeine
247,squalane
247,ascorbyl palmitate
249,adenosine
250,squalane
252,cholesterol
252,squalane
252,phytosphingosine
252,caffeine
252,lecithin
252,tetrahexyldecyl ascorbate
254,squalane
254,lactic acid
254,glycolic acid
255,adenosine
255,citric acid
256,retinol
257,citric acid
260,bisabolol
260,tetrahexyldecyl ascorbate
263,trehalose
266,adenosine
268,arginine
268,lactic acid
270,salicylic acid
270,citric acid
271,ascorbyl glucoside
271,cholesterol
271,caffeine
271,acetyl glucosamine
271,salicylic acid
271,linoleic acid
271,magnesium ascorbyl phosphate
271,trehalose
274,palmitoyl oligopeptide
274,ascorbic acid
274,retinyl palmitate
274,sodium ascorbyl phosphate
274,macrocystis pyrifera (kelp) extract
274,lactic acid
274,tartaric acid
274,bisabolol
274,superoxide dismutase
275,algae extract
275,cholesterol
275,linoleic acid
275,trehalose
275,caffeine
275,lecithin
275,phytosphingosine
275,glycine
275,proline
275,citric acid
276,trehalose
276,plankton extract
276,algae extract
276,lactobacillus ferment
276,caffeine
276,lecithin
276,squalane
276,tetrahexyldecyl ascorbate
279,phospholipids
279,lecithin
279,ascorbyl palmitate
280,urea
282,squalane
283,squalane
283,ectoin
285,padina pavonica thallus extract
285,algae extract
285,trehalose
285,caffeine
285,cholesterol
285,squalane
285,arginine
285,proline
285,phytosphingosine
285,linoleic acid
285,lecithin
285,glycine
285,citric acid
286,squalane
286,ascorbyl palmitate
286,ascorbic acid
286,citric acid
287,tetrahexyldecyl ascorbate
287,caffeine
287,trehalose
287,citric acid
288,parachlorella beijerinckii exopolysaccharides
288,chlorella protothecoides
288,algin
288,hydrolyzed f-fucoidan
288,tripleurospermum maritimum extract
288,adenosine
288,alpha-glucan oligosaccharide
288,citric acid
290,shea butter
290,squalane
290,adenosine
291,algae exopolysaccharides
291,algae extract
291,palmitoyl oligopeptide
291,lactic acid
293,cholesterol
293,ascorbic acid
294,squalane
294,zinc gluconate
294,chlorella vulgaris extract
294,padina pavonica thallus extract
294,macrocystis pyrifera (kelp) extract
294,plankton extract
294,caffeine
294,tetrahexyldecyl ascorbate
294,lecithin
296,squalane
296,citric acid
297,lactic acid
298,jojoba oil
298,evening primrose oil
298,rosemary leaf extract
299,glycolic acid
299,salicylic acid
299,allantoin
299,phytosphingosine
299,lactic acid
299,citric acid
300,glycolic acid
300,salicylic acid
300,lactic acid
300,citric acid
300,allantoin
301,ascorbyl palmitate
301,citric acid
301,lecithin
303,citric acid
305,citric acid
308,allantoin
310,citric acid
312,allantoin
312,ascorbyl palmitate
312,lecithin
312,citric acid
315,lactic acid
315,salicylic acid
315,retinyl palmitate
316,zinc gluconate
316,caffeine
316,trehalose
316,urea
318,citric acid
319,citric acid
320,gluconolactone
320,lactic acid
320,salicylic acid
320,linoleic acid
320,macrocystis pyrifera (kelp) extract
320,linolenic acid
321,allantoin
323,citric acid
323,salicylic acid
323,lactic acid
326,lactic acid
326,glycolic acid
327,lecithin
328,citric acid
328,ascorbic acid
329,glycolic acid
329,ascorbyl glucoside
330,lecithin
330,allantoin
330,citric acid
332,salicylic acid
333,ascorbyl palmitate
334,lactic acid
334,allantoin
337,glycolic acid
337,squalane
337,lactic acid
337,citric acid
337,tartaric acid
338,citric acid
340,lactic acid
340,citric acid
340,gluconolactone
340,phytic acid
340,salicylic acid
342,squalane
342,sweet almond oil
342,ascorbyl glucoside
342,avocado oil
343,acetyl glucosamine
343,trehalose
344,squalane
344,ethylhexyl salicylate
344,ascorbyl glucoside
345,serine
350,phospholipids
350,bisabolol
351,salicylic acid
351,glycolic acid
351,arginine
351,allantoin
353,citric acid
355,citric acid
356,zinc gluconate
356,citric acid
356,caffeine
357,urea
357,trehalose
357,arginine hcl
357,sodium lactate
358,citric acid
360,cholesterol
360,squalane
360,phytosphingosine
360,sodium ascorbyl phosphate
360,retinyl palmitate
360,sodium lactate
360,lecithin
360,citric acid
361,ascorbyl glucoside
362,algae extract
362,trehalose
363,citric acid
364,caffeine
364,algae extract
364,lactobacillus ferment
364,acetyl glucosamine
364,phospholipids
366,trehalose
366,acetyl glucosamine
366,algae extract
366,caffeine
366,sodium lactate
366,tetrahexyldecyl ascorbate
366,citric acid
367,urea
368,retinyl palmitate
369,sodium ascorbyl phosphate
369,glycolic acid
369,lactic acid
369,salicylic acid
369,citric acid
371,alpha-glucan oligosaccharide
372,trehalose
373,cholesterol
374,salicylic acid
374,ethylhexyl salicylate
374,homosalate
374,butyl methoxydibenzoylmethane
374,octocrylene
374,plankton extract
374,caffeine
374,lecithin
374,ethylhexyl salicylate
374,homosalate
374,butyl methoxydibenzoylmethane
374,octocrylene
374,caffeine
374,lecithin
377,caffeine
377,citric acid
378,glycolic acid
378,lactic acid
378,linoleic acid
378,linolenic acid
379,magnesium sulfate
379,acetyl glucosamine
380,glycolic acid
380,lactic acid
381,alpha-glucan oligosaccharide
381,lactic acid
381,retinyl palmitate
383,citric acid
383,trehalose
383,allantoin
383,acetyl glucosamine
383,plankton extract
384,acetyl glucosamine
384,lactic acid
384,tetrahexyldecyl ascorbate
384,salicylic acid
384,allantoin
385,retinol
385,ascorbic acid
385,glycine
385,alanine
385,proline
385,serine
385,threonine
385,arginine
385,lysine
385,zinc gluconate
385,citric acid
387,citric acid
388,caffeine
388,acetyl glucosamine
389,salicylic acid
390,citric acid
391,salicylic acid
391,trehalose
391,citric acid
392,citric acid
392,allantoin
392,glycosphingolipids
392,squalane
398,mandelic acid
398,glycolic acid
398,phytic acid
398,potassium azeloyl diglycinate
398,citric acid
398,bisabolol
399,magnesium sulfate
399,serine
399,ascorbyl glucoside
399,alanine
399,arginine
399,zinc sulfate
399,threonine
401,gluconolactone
401,citric acid
401,ascorbic acid
401,squalane
403,lactic acid
403,arginine
406,zinc gluconate
406,caffeine
406,trehalose
406,urea
408,citric acid
410,lactic acid
410,glycolic acid
411,phospholipids
411,retinyl palmitate
411,ascorbyl palmitate
411,ascorbic acid
411,allantoin
412,citric acid
412,ascorbic acid
414,zinc gluconate
415,lactic acid
415,arginine
416,glycolic acid
416,lactic acid
416,linoleic acid
416,macrocystis pyrifera (kelp) extract
416,phytic acid
416,linolenic acid
417,salicylic acid
417,caffeine
417,acetyl glucosamine
417,citric acid
418,glycolic acid
418,tartaric acid
418,lactic acid
418,magnesium ascorbyl phosphate
418,allantoin
418,lecithin
418,linoleic acid
421,tranexamic acid
421,allantoin
424,citric acid
425,glycolic acid
425,allantoin
425,tetrahexyldecyl ascorbate
426,bisabolol
429,allantoin
429,citric acid
429,algae extract
430,bisabolol
431,arginine
433,citric acid
434,bisabolol
434,allantoin
444,lactobacillus ferment
444,allantoin
444,salicylic acid
445,magnesium sulfate
445,ascorbyl glucoside
445,zinc sulfate
449,retinyl palmitate
449,ascorbyl palmitate
449,ascorbic acid
449,citric acid
450,salicylic acid
450,citric acid
453,lecithin
453,magnesium ascorbyl phosphate
453,allantoin
454,trehalose
454,magnesium ascorbyl phosphate
454,citric acid
457,jojoba beads
457,salicylic acid
459,salicylic acid
461,gluconolactone
462,ascorbyl palmitate
462,cholesterol
462,ascorbic acid
464,tetrahexyldecyl ascorbate
464,bisabolol
464,retinol
465,phytic acid
465,salicylic acid
465,urea
465,glycolic acid
465,lactic acid
465,allantoin
465,citric acid
466,squalane
466,bisabolol
469,trehalose
470,caffeine
475,citric acid
475,ascorbic acid
475,tetrahexyldecyl ascorbate
476,allantoin
478,citric acid
478,cholesterol
479,citric acid
480,glycolic acid
480,allantoin
480,arginine
480,sodium ascorbyl phosphate
480,lactic acid
480,citric acid
482,acetyl glucosamine
483,allantoin
483,butyl methoxydibenzoylmethane
483,citric acid
483,ethylhexyl salicylate
484,citric acid
485,squalane
487,glycine
487,alanine
487,proline
487,serine
487,threonine
487,arginine
487,lysine
487,phospholipids
487,retinyl palmitate
487,ascorbyl palmitate
487,ascorbic acid
487,citric acid
489,urea
489,yeast amino acids
489,trehalose
489,taurine
489,ascorbyl palmitate
490,algin
490,phytic acid
492,palmitoyl oligopeptide
492,dipeptide diaminobutyroyl benzylamide diacetate
492,retinyl palmitate
492,ascorbic acid
492,arginine
492,lecithin
492,acetylarginyltryptophyl diphenylglycine
494,citric acid
495,lactic acid
495,glycolic acid
495,allantoin
495,citric acid
496,citric acid
496,glycolic acid
496,citric acid
496,mandelic acid
496,adenosine
496,urea
496,algae extract
496,ascophyllum nodosum extract
496,asparagopsis armata extract
496,adenosine
496,citric acid
496,bifida ferment lysate
496,lecithin
496,squalane
496,adenosine
496,ascorbyl palmitate
496,citric acid
496,ascorbic acid
496,lactic acid
496,plankton extract
496,retinyl palmitate
498,ascorbyl palmitate
498,lecithin
498,salicylic acid
502,zinc gluconate
502,salicylic acid
503,squalane
503,zinc gluconate
503,chlorella vulgaris extract
503,plankton extract
504,urea
504,yeast amino acids
504,trehalose
504,taurine
504,lecithin
504,magnesium ascorbyl phosphate
505,retinyl palmitate
505,allantoin
505,arginine
505,ascorbyl glucoside
505,citric acid
506,trehalose
506,salicylic acid
506,acetyl glucosamine
507,glycolic acid
507,allantoin
507,arginine
508,trehalose
510,citric acid
511,ascorbyl palmitate
512,arbutin
513,trehalose
513,citric acid
514,citric acid
514,serine
515,squalane
515,algae exopolysaccharides
515,salicylic acid
516,macrocystis pyrifera (kelp) extract
516,lactobacillus ferment
516,tetrahexyldecyl ascorbate
517,citric acid
517,serine
521,urea
521,yeast amino acids
521,trehalose
521,taurine
523,ascorbic acid
523,bisabolol
523,caffeine
523,citric acid
523,glycolic acid
523,lactic acid
523,phospholipids
523,phytic acid
523,potassium azeloyl diglycinate
523,retinol
530,phytic acid
530,lactic acid
532,salicylic acid
535,citric acid
536,yeast amino acids
536,trehalose
536,salicylic acid
536,taurine
536,urea
536,citric acid
537,salicylic acid
537,lactic acid
537,allantoin
539,ascorbic acid
539,squalane
539,acetyl glucosamine
539,algae extract
539,caffeine
539,salicylic acid
539,ascorbic acid
539,salicylic acid
541,lactic acid
541,aloe vera
542,lecithin
543,squalane
543,plankton extract
543,allantoin
543,urea
543,yeast amino acids
543,trehalose
543,ascorbyl glucoside
543,taurine
544,citric acid
544,lactic acid
546,trehalose
546,zinc gluconate
546,macrocystis pyrifera (kelp) extract
546,caffeine
546,citric acid
547,zinc pca
547,citric acid
548,chlorella protothecoides oil
548,algae exopolysaccharides
548,retinyl palmitate
551,ascorbyl glucoside
551,allantoin
551,linoleic acid
551,linolenic acid
551,citric acid
552,glycolic acid
552,yeast amino acids
552,trehalose
552,taurine
552,glycolic acid
552,yeast amino acids
552,trehalose
552,taurine
555,arginine
556,salicylic acid
556,citric acid
557,citric acid
560,algae extract
560,trehalose
560,lactobionic acid
560,caffeine
560,zinc pca
560,phytic acid
561,salicylic acid
561,trehalose
562,arginine
563,squalane
563,tetrahexyldecyl ascorbate
564,acetyl glucosamine
565,citric acid
566,ascorbic acid
566,salicylic acid
567,lecithin
568,algae extract
568,glycolic acid
569,zinc sulfate
572,arginine
572,salicylic acid
572,phytic acid
572,citric acid
577,algae exopolysaccharides
577,palmitoyl oligopeptide
577,ascorbyl glucoside
578,lactic acid
578,ascorbyl palmitate
579,lactic acid
579,magnesium ascorbyl phosphate
579,retinyl palmitate
580,ascorbic acid
580,ferulic acid
580,acetyl glucosamine
580,glycine
581,lactic acid
581,squalane
582,bifida ferment lysate
582,caffeine
582,lecithin
582,bisabolol
582,squalane
582,lactobacillus ferment
583,sodium ascorbyl phosphate
583,citric acid
584,bifida ferment lysate
584,ascorbyl glucoside
584,adenosine
585,glycolic acid
585,salicylic acid
585,lactic acid
585,mandelic acid
585,citric acid
585,zinc pca
585,lecithin
585,resveratrol
585,retinol
585,ascorbic acid
585,ascorbyl palmitate
585,phospholipids
585,retinyl palmitate
585,zinc pca
585,lecithin
587,salicylic acid
587,citric acid
588,zinc gluconate
588,alteromonas ferment extract
588,chlorella vulgaris extract
588,cholesterol
588,linoleic acid
590,mandelic acid
590,tartaric acid
590,lactic acid
590,salicylic acid
590,glycolic acid
591,sodium lactate
591,citric acid
592,glycolic acid
592,salicylic acid
592,citric acid
592,lactic acid
592,zinc pca
592,lecithin
592,ascorbic acid
592,ascorbyl palmitate
592,retinyl palmitate
592,retinol
592,resveratrol
592,phospholipids
592,zinc pca
592,lecithin
593,sodium ascorbyl phosphate
593,citric acid
594,glycolic acid
594,salicylic acid
594,lactic acid
594,citric acid
594,allantoin
596,squalane
596,ascorbic acid
596,citric acid
597,tetrahexyldecyl ascorbate
597,squalane
597,glycolic acid
598,ascorbic acid
598,ferulic acid
598,acetyl glucosamine
598,glycine
601,squalane
601,citric acid
601,ascorbic acid
602,zinc gluconate
602,chlorella vulgaris extract
602,tartaric acid
602,acetyl glucosamine
602,caffeine
602,linoleic acid
602,bifida ferment lysate
602,palmitoyl oligopeptide
602,linolenic acid
604,parachlorella beijerinckii exopolysaccharides
604,chlorella protothecoides oil
604,adenosine
604,sodium lactate
604,homosalate
604,butyl methoxydibenzoylmethane
604,octocrylene
606,tetrahexyldecyl ascorbate
606,ferulic acid
606,squalane
607,lactic acid
607,glycolic acid
608,potassium azeloyl diglycinate
608,ferulic acid
608,retinol
608,arbutin
608,salicylic acid
608,glycolic acid
608,mandelic acid
608,quercetin
608,lecithin
608,urea
609,glycolic acid
609,urea
609,yeast amino acids
609,trehalose
609,taurine
609,zinc gluconate
609,ascorbic acid
609,lecithin
609,magnesium ascorbyl phosphate
609,allantoin
610,lecithin
610,linoleic acid
610,linolenic acid
611,citric acid
612,glycolic acid
612,arginine
613,padina pavonica thallus extract
613,algae extract
613,chlorella vulgaris extract
613,cholesterol
613,squalane
613,caffeine
613,linoleic acid
613,lecithin
613,palmitoyl oligopeptide
613,phytosphingosine
613,zinc pca
614,zinc gluconate
614,asparagopsis armata extract
614,porphyridium cruentum extract
614,squalane
614,cholesterol
614,caffeine
614,ascophyllum nodosum extract
614,plankton extract
614,trehalose
614,lecithin
614,linolenic acid
614,acetyl glucosamine
614,bisabolol
614,linoleic acid
614,urea
614,magnesium ascorbyl phosphate
615,adenosine
615,lecithin
615,phytic acid
615,citric acid
616,salicylic acid
617,hydroxypinacolone retinoate
617,ascorbyl palmitate
617,caprooyl phytosphingosine
617,caprooyl sphingosine
617,cholesterol
620,zinc gluconate
620,plankton extract
620,caffeine
620,lecithin
620,urea
620,trehalose
621,allantoin
621,arginine
621,citric acid
621,glycolic acid
622,squalane
622,bakuchiol
622,glycolic acid
622,lactic acid
622,citric acid
623,lactobacillus ferment
623,caffeine
623,citric acid
625,citric acid
625,lecithin
625,porphyridium cruentum extract
627,squalane
627,retinol
627,ascorbyl palmitate
627,bisabolol
627,lecithin
628,squalane
628,bakuchiol
628,lecithin
628,citric acid
629,citric acid
629,algin
630,squalane
631,adenosine
632,ascorbyl glucoside
632,algae extract
632,plankton extract
632,palmitoyl oligopeptide
632,cholesterol
632,salicylic acid
632,caffeine
632,acetyl glucosamine
632,squalane
632,lecithin
634,squalane
634,bisabolol
634,phytosphingosine
634,tetrahexyldecyl ascorbate
635,resveratrol
637,ascorbyl glucoside
637,zinc gluconate
637,magnesium ascorbyl phosphate
637,plankton extract
637,caffeine
637,acetyl glucosamine
637,cholesterol
637,squalane
637,lecithin
637,citric acid
638,squalane
638,lecithin
638,algin
638,adenosine
638,lactic acid
638,citric acid
639,glycolic acid
639,phytic acid
639,lactic acid
639,salicylic acid
639,allantoin
639,citric acid
640,algae extract
640,lactobacillus ferment
640,caffeine
640,magnesium ascorbyl phosphate
641,ascorbic acid
641,retinyl palmitate
642,tartaric acid
642,glycolic acid
642,lactic acid
643,lactobacillus ferment
643,lecithin
643,adenosine
644,adenosine
646,retinol
646,hydroxypinacolone retinoate
646,squalane
646,urea
646,yeast amino acids
646,trehalose
646,taurine
646,lecithin
648,glycolic acid
648,sodium lactate
648,arginine
648,salicylic acid
648,retinyl palmitate
648,sodium ascorbyl phosphate
648,alanine
648,ascorbic acid
649,tetrahexyldecyl ascorbate
649,squalane
649,ferulic acid
650,lactic acid
650,mandelic acid
650,zinc pca
650,retinyl palmitate
650,ascorbyl palmitate
650,phospholipids
650,resveratrol
650,zinc pca
650,lecithin
651,glycolic acid
651,salicylic acid
651,sulfur
651,retinyl palmitate
651,ascorbyl palmitate
652,allantoin
653,magnesium ascorbyl phosphate
653,retinyl palmitate
653,palmitoyl oligopeptide
653,lactic acid
653,salicylic acid
655,sulfur
655,zinc pca
655,allantoin
655,
658,zinc
658,milk thistle extract
660,octinoxate
660,adenosine
660,lecithin
660,chlorella vulgaris extract
660,citric acid
661,algae extract
662,squalane
662,bisabolol
662,butyl methoxydibenzoylmethane
662,ethylhexyl salicylate
662,lactic acid
663,retinol
663,parachlorella beijerinckii exopolysaccharides
663,squalane
663,sodium lactate
665,urea
665,yeast amino acids
665,trehalose
665,taurine
669,ascorbyl glucoside
669,salicylic acid
669,algae extract
669,caffeine
669,cholesterol
669,phospholipids
669,squalane
669,acetyl glucosamine
669,arginine
670,squalane
670,lecithin
671,tetrahexyldecyl ascorbate
671,glycolic acid
671,zinc gluconate
671,retinyl palmitate
673,ascorbyl glucoside
673,acetyl glucosamine
673,algae extract
673,caffeine
673,trehalose
673,squalane
673,citric acid
674,squalane
674,lactobacillus ferment
674,citric acid
676,algae exopolysaccharides
676,chlorella protothecoides
676,adenosine
676,citric acid
677,retinol
677,magnesium ascorbyl phosphate
677,linoleic acid
677,allantoin
677,lecithin
678,retinol
678,hydroxypinacolone retinoate
678,squalane
678,urea
678,yeast amino acids
678,trehalose
678,taurine
678,lecithin
678,squalane
678,retinyl propionate
678,retinol
678,urea
678,yeast amino acids
678,trehalose
678,taurine
678,macrocystis pyrifera (kelp) extract
678,lecithin
678,zinc gluconate
678,retinyl propionate
678,retinol
678,urea
678,yeast amino acids
678,trehalose
678,taurine
678,macrocystis pyrifera (kelp) extract
678,lecithin
679,cholesterol
680,ferulic acid
680,arginine
680,citric acid
680,bifida ferment lysate
680,lactobacillus ferment
680,adenosine
680,caffeine
680,arginine
680,citric acid
680,glycine
682,algae extract
682,urea
682,trehalose
682,citric acid
683,sodium lactate
684,caffeine
684,plankton extract
684,urea
684,yeast amino acids
684,trehalose
684,taurine
684,algin
685,citric acid
686,dipeptide diaminobutyroyl benzylamide diacetate
686,retinyl palmitate
686,ascorbyl palmitate
686,taurine
686,teprenone
686,citric acid
686,palmitoyl oligopeptide
687,caffeine
687,phospholipids
688,perfluorodecalin
688,lecithin
688,adenosine
688,lactic acid
688,glycolic acid
690,lactic acid
690,ascorbic acid
690,superoxide dismutase
690,glycine
690,tetrahexyldecyl ascorbate
690,mandelic acid
690,phytic acid
690,citric acid
691,adenosine
691,lecithin
691,algin
691,cholesterol
691,sodium ascorbyl phosphate
692,squalane
692,tetrahexyldecyl ascorbate
692,bisabolol
692,phytosphingosine
693,lactic acid
693,citric acid
693,superoxide dismutase
694,retinol
694,ascorbic acid
694,adenosine
695,acetyl glucosamine
695,caffeine
695,cholesterol
695,squalane
695,phospholipids
695,palmitoyl oligopeptide
695,magnesium ascorbyl phosphate
696,ascorbic acid
696,squalane
696,acetyl glucosamine
696,algae extract
696,caffeine
696,salicylic acid
697,sodium lactate
697,ascorbyl palmitate
697,palmitoyl oligopeptide
698,ascorbic acid
698,zinc pca
698,arginine
700,ascorbyl glucoside
700,ectoin
700,lactobacillus ferment
700,allantoin
701,bisabolol
701,algae extract
701,allantoin
701,citric acid
701,ascorbyl palmitate
703,ascorbyl palmitate
703,lactic acid
703,lecithin
706,retinol
706,ascorbyl palmitate
706,bisabolol
708,caffeine
708,phytosphingosine
708,lecithin
708,tetrahexyldecyl ascorbate
709,glycolic acid
709,glycolic acid
709,hydroxypinacolone retinoate
709,bakuchiol
709,allantoin
709,citric acid
710,urea
711,algae exopolysaccharides
711,chlorella protothecoides oil
711,citric acid
711,algae extract
711,palmitoyl oligopeptide
711,phytosphingosine
711,cholesterol
712,retinol
712,lecithin
712,glycolipids
713,retinyl palmitate
713,sodium lactate
713,lecithin
713,phospholipids
713,salicylic acid
713,ascorbic acid
713,citric acid
714,squalane
714,caffeine
714,arbutin
714,adenosine
714,perfluorodecalin
714,citric acid
714,algae extract
714,retinyl palmitate
714,palmitoyl oligopeptide
714,ascorbic acid
715,vitamin e
716,squalane
716,acetyl glucosamine
716,caffeine
717,glycolic acid
717,arginine
717,mandelic acid
717,salicylic acid
717,ascorbyl palmitate
717,cholesterol
717,lecithin
718,argan oil
718,chlorella vulgaris extract
718,ascorbyl palmitate
718,gluconolactone
720,salicylic acid
720,caffeine
720,urea
720,arginine
720,phospholipids
720,magnesium ascorbyl phosphate
720,trehalose
721,glycolic acid
721,linoleic acid
721,ascorbic acid
721,lecithin
722,phytosphingosine
724,lactococcus ferment lysate
724,alpha-glucan oligosaccharide
724,citric acid
724,lactic acid
728,lecithin
728,retinol
728,zinc gluconate
728,sodium ascorbyl phosphate
728,ascorbic acid
728,squalane
728,phytosphingosine
728,cholesterol
728,histidine
728,arginine
728,lysine
728,leucine
728,isoleucine
728,valine
728,threonine
728,citric acid
729,glycolic acid
729,zinc gluconate
729,allantoin
729,urea
729,yeast amino acids
729,trehalose
729,taurine
729,citric acid
730,lactic acid
730,salicylic acid
732,ascorbyl glucoside
732,salicylic acid
732,caffeine
732,acetyl glucosamine
733,tetrahexyldecyl ascorbate
733,magnesium ascorbyl phosphate
733,lecithin
734,squalane
734,lactic acid
734,lactobionic acid
734,salicylic acid
734,ascorbic acid
734,citric acid
734,tartaric acid
735,squalane
735,adenosine
736,retinol
736,ferulic acid
736,bisabolol
736,phospholipids
736,squalane
736,lactic acid
736,mandelic acid
736,linoleic acid
736,linolenic acid
738,linoleic acid
738,glycolic acid
738,lactic acid
738,retinol
738,urea
738,bisabolol
738,phytosphingosine
738,zinc pca
738,cholesterol
739,trehalose
739,magnesium ascorbyl phosphate
740,sulfur
740,citric acid
741,algae exopolysaccharides
741,phospholipids
741,caffeine
741,squalane
742,adenosine
742,tripleurospermum maritimum extract
742,tetrahexyldecyl ascorbate
742,citric acid
743,palmitoyl oligopeptide
743,dipeptide diaminobutyroyl benzylamide diacetate
743,acetylarginyltryptophyl diphenylglycine
743,ascorbic acid
743,retinyl palmitate
743,squalane
743,lecithin
743,arginine
743,sodium lactate
744,tetrahexyldecyl ascorbate
744,ferulic acid
744,allantoin
744,citric acid
745,glycolic acid
745,lecithin
745,magnesium ascorbyl phosphate
745,allantoin
746,lactobacillus ferment
746,squalane
746,caffeine
746,linoleic acid
747,acetyl glucosamine
747,plankton extract
747,caffeine
747,palmitoyl oligopeptide
747,cholesterol
747,lecithin
747,citric acid
748,caffeine
748,algae extract
748,lactobacillus ferment
748,acetyl glucosamine
748,phospholipids
748,caffeine
748,acetyl glucosamine
748,acetyl glucosamine
748,lactobacillus ferment
748,algae extract
748,linoleic acid
748,caffeine
748,cholesterol
748,bisabolol
749,squalane
749,tetrahexyldecyl ascorbate
749,lactic acid
749,zinc gluconate
749,alaria esculenta extract
751,algae extract
752,urea
752,yeast amino acids
752,trehalose
752,taurine
752,sulfur
752,retinyl palmitate
752,retinol
752,ascorbic acid
752,algae extract
752,caffeine
752,sodium lactate
752,glycolic acid
752,zinc gluconate
752,citric acid
753,arginine
753,citric acid
753,glycolic acid
753,retinyl palmitate
754,citric acid
755,retinyl palmitate
755,proline
755,sodium lactate
755,zinc gluconate
755,ascorbic acid
755,glycolic acid
757,sugar cane extract
757,phytic acid
757,adenosine
758,zinc sulfate
759,ascorbyl glucoside
759,algae extract
759,salicylic acid
759,cholesterol
759,squalane
759,tetrahexyldecyl ascorbate
760,vitamin a
760,vitamin c
760,vitamin e
760,zinc
760,ascorbic acid
761,glycolic acid
761,arginine
762,lactic acid
763,glycolic acid
763,adenosine
763,allantoin
763,citric acid
765,bisabolol
765,retinol
765,phospholipids
765,ascorbyl palmitate
765,retinyl palmitate
765,lecithin
766,ascorbyl glucoside
766,squalane
766,citric acid
768,retinyl propionate
768,proline
768,chlorella vulgaris extract
769,magnesium ascorbyl phosphate
769,squalane
770,glycolic acid
770,arbutin
770,plankton extract
770,macrocystis pyrifera (kelp) extract
770,retinol
770,adenosine
772,glycolic acid
772,phytic acid
772,retinol
772,allantoin
774,urea
774,yeast amino acids
774,trehalose
774,taurine
774,alaria esculenta extract
774,sodium lactate
774,zinc gluconate
774,ascorbic acid
775,retinol
775,lecithin
775,phospholipids
778,phospholipids
778,lecithin
778,trehalose
778,palmitoyl oligopeptide
778,glycolic acid
778,lactic acid
778,glycolipids
782,citric acid
782,ferulic acid
784,algae exopolysaccharides
784,palmitoyl oligopeptide
784,sodium ascorbyl phosphate
784,sodium lactate
785,squalane
785,superoxide dismutase
785,citric acid
785,lecithin
786,chlorella vulgaris extract
786,algae extract
786,acetyl glucosamine
786,caffeine
786,lactic acid
786,squalane
786,urea
786,linoleic acid
786,trehalose
786,phospholipids
786,citric acid
787,perfluorodecalin
787,phospholipids
787,retinyl palmitate
787,ascorbyl palmitate
788,perfluorodecalin
788,bakuchiol
788,hydroxypinacolone retinoate
788,adenosine
788,retinol
789,tetrahexyldecyl ascorbate
789,glycolic acid
789,ascorbyl palmitate
789,zinc gluconate
789,resveratrol
790,vitamin e
791,citric acid
792,glycolic acid
792,urea
792,yeast amino acids
792,trehalose
792,taurine
792,ectoin
792,sodium ascorbyl phosphate
792,zinc gluconate
792,tetrahexyldecyl ascorbate
792,ascorbic acid
793,chlorella protothecoides oil
793,alaria esculenta extract
793,retinyl palmitate
794,urea
794,retinyl palmitate
794,ascorbyl palmitate
794,phospholipids
795,glycolic acid
795,salicylic acid
795,gluconolactone
795,algae extract
795,urea
795,magnesium ascorbyl phosphate
795,lecithin
796,squalane
796,lactococcus ferment lysate
796,tartaric acid
798,ascorbyl palmitate
798,sodium ascorbyl phosphate
798,sodium ascorbyl phosphate
798,lactic acid
799,magnesium sulfate
799,bisabolol
801,bisabolol
801,tetrahexyldecyl ascorbate
801,allantoin
801,hydroxypinacolone retinoate
802,glycolic acid
802,ascorbic acid
802,zinc gluconate
802,proline
802,sodium lactate
803,retinol
803,urea
803,zinc sulfate
804,glycolic acid
804,lactic acid
804,mandelic acid
804,algae extract
804,superoxide dismutase
804,squalane
804,ferulic acid
806,acetyl glucosamine
806,lactobacillus ferment
806,algae extract
806,linoleic acid
806,caffeine
806,cholesterol
806,bisabolol
807,squalane
808,glycolic acid
808,sodium ascorbyl phosphate
808,urea
808,yeast amino acids
808,trehalose
808,taurine
808,ascorbic acid
808,zinc gluconate
809,glycolic acid
809,chlorella protothecoides oil
809,algae exopolysaccharides
809,salicylic acid
809,algae extract
810,citric acid
811,algae exopolysaccharides
811,chlorella protothecoides oil
811,magnesium sulfate
812,squalane
812,adenosine
813,citric acid
815,algae exopolysaccharides
815,algae extract
815,lecithin
816,squalane
816,retinyl palmitate
816,ascorbic acid
816,trehalose
816,arginine
816,urea
817,tartaric acid
819,ascorbyl palmitate
820,porphyridium cruentum extract
820,salicylic acid
820,algae extract
820,chlorella vulgaris extract
820,caffeine
820,tetrahexyldecyl ascorbate
820,lecithin
823,algin
823,alaria esculenta extract
824,glycolic acid
824,salicylic acid
824,lactic acid
824,phospholipids
825,caffeine
825,lecithin
825,acetyl glucosamine
827,parachlorella beijerinckii exopolysaccharides
827,plankton extract
827,arginine/lysine polypeptide
827,citric acid
827,squalane
827,adenosine
827,lecithin
828,magnesium sulfate
828,squalane
828,lecithin
831,caffeine
831,zinc gluconate
831,citric acid
831,lecithin
831,bakuchiol
831,citric acid
831,citric acid
831,ascorbyl palmitate
831,citric acid
831,ascorbyl palmitate
832,phytosphingosine
832,cholesterol
832,arginine
833,allantoin
834,magnesium sulfate
834,zinc sulfate
835,porphyridium cruentum extract
836,lecithin
837,adenosine
837,citric acid
838,vitamin a
839,citric acid
840,lecithin
840,bisabolol
840,caffeine
840,lecithin
840,algae extract
840,caffeine
840,salicylic acid
841,zinc gluconate
841,chlorella vulgaris extract
841,caffeine
841,linolenic acid
841,palmitoyl oligopeptide
841,bifida ferment lysate
841,lecithin
841,acetyl glucosamine
841,linoleic acid
842,lactic acid
843,arginine
844,lecithin
845,bisabolol
845,caffeine
846,caffeine
846,allantoin
846,adenosine
848,ascorbyl glucoside
849,arginine
849,citric acid
849,allantoin
849,citric acid
849,arginine
849,allantoin
850,lactobacillus ferment
850,algae extract
850,squalane
850,caffeine
850,lecithin
850,glycine
852,sodium lactate
852,ascorbic acid
852,retinyl palmitate
852,citric acid
854,glycolic acid
854,lactic acid
854,beta glucan
855,algin
855,allantoin
855,citric acid
857,adenosine
857,citric acid
858,lecithin
860,ascorbic acid
860,citric acid
860,algin
862,citric acid
863,salicylic acid
864,turmeric root extract
864,ascorbyl glucoside
865,mandelic acid
865,tartaric acid
865,lactic acid
865,salicylic acid
865,glycolic acid
865,allantoin
865,tetrahexyldecyl ascorbate
865,citric acid
865,lecithin
865,porphyridium cruentum extract
867,urea
867,arginine
868,citric acid
868,zinc gluconate
870,urea
870,arginine
871,ascorbyl glucoside
872,zinc gluconate
872,ascophyllum nodosum extract
872,chlorella vulgaris extract
872,asparagopsis armata extract
872,linolenic acid
872,squalane
872,caffeine
872,acetyl glucosamine
872,bifida ferment lysate
872,tetrahexyldecyl ascorbate
872,magnesium ascorbyl phosphate
872,sodium lactate
872,linoleic acid
872,lecithin
875,adenosine
875,citric acid
876,lactic acid
876,salicylic acid
876,citric acid
877,lactic acid
877,algin
878,citric acid
879,arginine
880,squalane
881,allantoin
881,algin
882,algae extract
882,arginine
883,citric acid
884,bifida ferment lysate
884,lactobacillus ferment
884,adenosine
884,allantoin
884,glycine
885,citric acid
886,arginine
886,linoleic acid
887,allantoin
887,trehalose
887,arginine
887,citric acid
888,shea butter
888,citric acid
889,caffeine
889,trehalose
889,acetyl glucosamine
889,citric acid
889,tetrahexyldecyl ascorbate
890,lecithin
890,bakuchiol
890,citric acid
891,zinc gluconate
893,lactobacillus ferment
893,bisabolol
895,fructooligosaccharides
896,citric acid
897,algae extract
899,algin
899,sodium ascorbyl phosphate
900,citric acid
900,ascorbyl palmitate
901,squalane
901,adenosine
904,lactococcus ferment lysate
904,bisabolol
905,cholesterol
907,porphyridium cruentum extract
907,lecithin
907,citric acid
908,ascorbyl glucoside
909,lecithin
910,lactic acid
911,citric acid
912,alpha-glucan oligosaccharide
913,algin
913,allantoin
913,citric acid
914,algin
914,allantoin
914,citric acid
915,algae extract
915,plankton extract
915,ascorbyl palmitate
915,tetrahexyldecyl ascorbate
915,sodium lactate
916,magnesium sulfate
916,adenosine
916,phytic acid
917,squalane
917,zinc gluconate
917,acetyl glucosamine
917,caffeine
918,ascorbyl palmitate
919,allantoin
919,trehalose
919,arginine
920,caffeine
920,zinc gluconate
920,citric acid
921,cholesterol
921,tetrahexyldecyl ascorbate
923,ascorbyl glucoside
923,adenosine
924,arginine
924,citric acid
928,plankton extract
928,algae extract
928,chlorophyll
928,lecithin
929,adenosine
929,sodium lactate
929,palmitoyl oligopeptide
930,glycolic acid
930,salicylic acid
933,phytosphingosine
933,lecithin
934,allantoin
934,acetyl glucosamine
934,bisabolol
934,butyl methoxydibenzoylmethane
934,ethylhexyl salicylate
934,citric acid
936,ascorbic acid
937,ascorbic acid
938,algin
938,allantoin
938,citric acid
939,squalane
939,lactobacillus ferment
939,bifida ferment lysate
939,caffeine
939,acetyl glucosamine
939,trehalose
939,algae extract
939,palmitoyl oligopeptide
940,arginine
941,zinc gluconate
941,caffeine
941,urea
941,trehalose
941,lecithin
943,allantoin
943,arginine
945,citric acid
946,urea
946,trehalose
946,lecithin
947,allantoin
947,ethylhexyl salicylate
948,glycolic acid
948,lactic acid
949,caffeine
949,algae extract
949,lactobacillus ferment
949,squalane
949,glycine
949,lecithin
951,sodium ascorbyl phosphate
951,trehalose
951,allantoin
951,salicylic acid
952,algae extract
952,porphyridium cruentum extract
952,caffeine
952,squalane
952,citric acid
953,lecithin
953,bakuchiol
953,citric acid
954,citric acid
956,ascorbyl palmitate
956,ascorbic acid
956,citric acid
957,lactobacillus ferment
958,zinc gluconate
958,chlorella vulgaris extract
958,caffeine
958,linolenic acid
958,bifida ferment lysate
958,lecithin
958,acetyl glucosamine
958,linoleic acid
959,jojoba oil
959,squalane
959,allantoin
960,squalane
960,lactobacillus ferment
960,ascophyllum nodosum extract
960,asparagopsis armata extract
960,trehalose
960,caffeine
961,perfluorodecalin
961,retinyl palmitate
962,citric acid
962,allantoin
963,allantoin
964,phospholipids
965,squalane
965,ascorbyl glucoside
965,salicylic acid
965,phospholipids
965,cholesterol
965,arginine
965,trehalose
967,citric acid
968,lecithin
968,bakuchiol
968,citric acid
969,arginine
970,allantoin
971,algin
971,proline
971,alanine
971,serine
974,perfluorodecalin
975,allantoin
976,caffeine
977,arginine
977,allantoin
977,citric acid
978,caffeine
978,phospholipids
979,squalane
979,zinc gluconate
979,lecithin
980,algin
980,sodium ascorbyl phosphate
981,citric acid
982,algin
982,allantoin
982,citric acid
983,allantoin
983,adenosine
983,caffeine
983,lecithin
984,cholesterol
985,lactic acid
985,sodium lactate
986,glycolic acid
986,salicylic acid
988,arginine
988,allantoin
989,retinyl palmitate
989,allantoin
989,arginine
989,ascorbyl glucoside
989,citric acid
990,allantoin
990,citric acid
991,salicylic acid
991,phospholipids
992,algae exopolysaccharides
992,sulfur
992,ahnfeltia concinna extract
992,salicylic acid
992,citric acid
993,zinc gluconate
993,citric acid
994,bisabolol
994,algae extract
994,allantoin
994,ascorbyl palmitate
996,lactobacillus ferment
996,sodium ascorbyl phosphate
996,allantoin
996,bisabolol
997,ascorbic acid
997,magnesium ascorbyl phosphate
997,ascorbyl palmitate
998,adenosine
999,shea butter
999,arginine
999,squalane
999,sugar cane extract
999,ferulic acid
999,phytic acid
1001,algin
1002,squalane
1002,chlorella vulgaris extract
1002,caffeine
1002,algae extract
1002,acetyl glucosamine
1002,phytosphingosine
1002,trehalose
1002,tetrahexyldecyl ascorbate
1003,caffeine
1003,lecithin
1005,lactobacillus ferment
1005,allantoin
1005,salicylic acid
1006,magnesium sulfate
1006,squalane
1006,lecithin
1007,ascorbyl glucoside
1007,allantoin
1007,lactic acid
1007,lactobacillus ferment
1007,citric acid
1008,zinc gluconate
1008,caffeine
1010,urea
1010,yeast amino acids
1010,trehalose
1010,taurine
1010,citric acid
1012,algae extract
1012,acetyl glucosamine
1013,citric acid
1014,caffeine
1014,algae extract
1014,tetrahexyldecyl ascorbate
1014,citric acid
1019,arginine
1019,trehalose
1019,allantoin
1021,ascorbyl glucoside
1021,chlorella vulgaris extract
1023,tartaric acid
1023,adenosine
1023,caffeine
1026,trehalose
1026,allantoin
1026,sodium ascorbyl phosphate
1026,bisabolol
1027,allantoin
1027,adenosine
1028,lactic acid
1028,sodium lactate
1029,ascorbyl glucoside
1029,arginine
1029,salicylic acid
1029,citric acid
1031,algin
1031,retinyl palmitate
1031,adenosine
1031,perfluorodecalin
1033,allantoin
1033,adenosine
1034,allantoin
1034,arginine
1034,urea
1034,alanine
1035,ascorbyl glucoside
1035,lactobacillus ferment
1035,sodium ascorbyl phosphate
1035,citric acid
1037,lecithin
1037,arginine
1038,citric acid
1038,caffeine
1039,squalane
1039,arginine
1040,salicylic acid
1040,urea
1040,yeast amino acids
1040,taurine
1040,trehalose
1041,arginine
1041,citric acid
1042,allantoin
1042,allantoin
1042,allantoin
1042,allantoin
1042,allantoin
1043,adenosine
1043,gluconolactone
1044,algae exopolysaccharides
1044,algae extract
1044,alaria esculenta extract
1044,salicylic acid
1044,lactic acid
1044,urea
1045,sodium ascorbyl phosphate
1045,citric acid
1046,zinc gluconate
1046,padina pavonica thallus extract
1046,chlorella vulgaris extract
1046,caffeine
1046,acetyl glucosamine
1046,cholesterol
1046,phytosphingosine
1046,tetrahexyldecyl ascorbate
1046,urea
1046,trehalose
1047,algae extract
1048,allantoin
1048,citric acid
1049,arginine
1049,trehalose
1049,allantoin
1050,arginine
1050,adenosine
1051,arginine
1052,arginine
1052,allantoin
1052,trehalose
1052,adenosine
1052,cholesterol
1054,adenosine
1055,citric acid
1055,allantoin
1055,phytosphingosine
1056,adenosine
1057,sodium ascorbyl phosphate
1057,allantoin
1057,linoleic acid
1057,retinyl palmitate
1058,trehalose
1058,caffeine
1058,tetrahexyldecyl ascorbate
1059,squalane
1059,sodium lactate
1061,tetrahexyldecyl ascorbate
1061,squalane
1061,bisabolol
1061,gluconolactone
1061,citric acid
1063,algae extract
1063,caffeine
1064,arginine
1064,citric acid
1065,gluconolactone
1067,magnesium sulfate
1067,zinc sulfate
1068,caffeine
1068,squalane
1068,arginine
1068,trehalose
1069,hydroxypinacolone retinoate
1070,lactic acid
1070,ascorbic acid
1070,retinyl palmitate
1071,algae exopolysaccharides
1071,porphyridium cruentum extract
1071,zinc gluconate
1071,sodium lactate
1072,caffeine
1072,squalane
1072,arginine
1072,trehalose
1073,algae extract
1075,caffeine
1075,squalane
1075,arginine
1075,trehalose
1076,algae extract
1077,acetyl glucosamine
1078,tetrahexyldecyl ascorbate
1078,lactic acid
1078,allantoin
1078,squalane
1079,caffeine
1079,algae extract
1080,allantoin
1081,squalane
1081,ascorbyl glucoside
1081,allantoin
1081,citric acid
1082,caffeine
1082,squalane
1082,arginine
1082,trehalose
1083,trehalose
1083,arginine
1083,citric acid
1084,allantoin
1086,glycolic acid
1086,ectoin
1086,zinc gluconate
1086,citric acid
1087,algin
1087,algin
1087,allantoin
1089,allantoin
1089,squalane
1089,lecithin
1090,citric acid
1090,algae extract
1091,caffeine
1091,squalane
1091,arginine
1091,trehalose
1092,adenosine
1093,squalane
1093,chlorella vulgaris extract
1093,caffeine
1094,zinc gluconate
1094,linoleic acid
1094,caffeine
1094,cholesterol
1094,acetyl glucosamine
1094,phytosphingosine
1095,sodium ascorbyl phosphate
1095,magnesium ascorbyl phosphate
1095,tetrahexyldecyl ascorbate
1095,ascorbyl glucoside
1095,ascorbyl palmitate
1095,linoleic acid
1095,phospholipids
1095,phytosphingosine
1095,cholesterol
1095,dipeptide diaminobutyroyl benzylamide diacetate
1095,superoxide dismutase
1095,phytic acid
1095,citric acid
1096,squalane
1096,chlorella vulgaris extract
1097,magnesium sulfate
1098,tetrahexyldecyl ascorbate
1098,ascorbic acid
1098,linoleic acid
1098,linolenic acid
1098,citric acid
1099,bifida ferment lysate
1099,trehalose
1099,algae extract
1099,lactobacillus ferment
1099,cholesterol
1099,caffeine
1099,phytosphingosine
1099,squalane
1100,squalane
1100,adenosine
1100,algin
1100,citric acid
1100,serine
1101,squalane
1102,caffeine
1102,cholesterol
1102,ascophyllum nodosum extract
1102,asparagopsis armata extract
1102,zinc gluconate
1102,linoleic acid
1102,magnesium ascorbyl phosphate
1102,phytosphingosine
1103,caffeine
1103,trehalose
1105,squalane
1105,arginine hcl
1105,magnesium ascorbyl phosphate
1105,retinol
1105,citric acid
1106,lecithin
1106,citric acid
1107,palmitoyl oligopeptide
1107,squalane
1107,magnesium ascorbyl phosphate
1107,cholesterol
1107,caffeine
1107,phytosphingosine
1107,linoleic acid
1108,trehalose
1108,ascorbic acid
1108,cholesterol
1109,caffeine
1109,zinc gluconate
1109,sodium ascorbyl phosphate
1109,phytosphingosine
1109,cholesterol
1109,retinol
1109,ascorbic acid
1109,squalane
1109,algae extract
1109,lecithin
1109,lysine
1109,leucine
1109,histidine
1109,isoleucine
1109,arginine
1109,threonine
1109,valine
1109,citric acid
1110,chlorella vulgaris extract
1110,lactic acid
1111,ferulic acid
1111,retinol
1111,potassium azeloyl diglycinate
1111,arbutin
1111,quercetin
1111,caffeine
1111,salicylic acid
1111,glycolic acid
1111,mandelic acid
1111,lecithin
1111,urea
1112,algae extract
1112,tetrahexyldecyl ascorbate
1112,caffeine
1113,bifida ferment lysate
1113,adenosine
1113,caffeine
1113,chlorella vulgaris extract
1114,caffeine
1114,allantoin
1114,lecithin
1114,zinc gluconate
1115,alaria esculenta extract
1115,caffeine
1115,palmitoyl oligopeptide
1115,magnesium ascorbyl phosphate
1115,phospholipids
1115,lecithin
1116,squalane
1116,adenosine
1117,lecithin
1117,glycine
1117,serine
1117,leucine
1117,alanine
1117,lysine
1117,arginine
1117,threonine
1117,proline
1117,valine
1117,isoleucine
1117,histidine
1118,caffeine
1118,magnesium sulfate
1118,zinc sulfate
1118,ascorbyl glucoside
1118,adenosine
1119,caffeine
1120,squalane
1120,chlorella vulgaris extract
1120,citric acid
1121,zinc gluconate
1121,porphyridium cruentum extract
1121,ascophyllum nodosum extract
1121,plankton extract
1121,asparagopsis armata extract
1121,caffeine
1121,trehalose
1121,sodium lactate
1122,ascorbyl palmitate
1122,citric acid
1123,caffeine
1123,phytosphingosine
1123,cholesterol
1123,linoleic acid
1123,magnesium ascorbyl phosphate
1124,bifida ferment lysate
1124,ascorbyl glucoside
1124,lactobacillus ferment
1124,adenosine
1124,arginine
1124,chlorella vulgaris extract
1124,glycine
1125,trehalose
1125,lactobacillus ferment
1125,algae extract
1125,bifida ferment lysate
1125,caffeine
1125,phytosphingosine
1125,lecithin
1126,ectoin
1127,magnesium sulfate
1127,zinc sulfate
1127,ascorbyl glucoside
1128,lactobacillus ferment
1128,adenosine
1128,squalane
1128,sodium lactate
1129,lecithin
1129,glycine
1129,serine
1129,leucine
1129,alanine
1129,lysine
1129,arginine
1129,threonine
1129,proline
1129,valine
1129,isoleucine
1129,histidine
1130,trehalose
1130,citric acid
1132,caffeine
1132,algae extract
1133,caffeine
1133,adenosine
1133,allantoin
1135,palmitoyl oligopeptide
1135,ascorbyl glucoside
1135,retinyl palmitate
1135,allantoin
1135,superoxide dismutase
1135,lactic acid
1135,linolenic acid
1135,squalane
1135,linoleic acid
1135,tartaric acid
1137,tetrahexyldecyl ascorbate
1137,ferulic acid
1137,caffeine
1137,squalane
1138,squalane
1138,algae extract
1138,caffeine
1138,phytosphingosine
1139,squalane
1139,adenosine
1139,caffeine
1139,citric acid
1140,squalane
1141,bifida ferment lysate
1141,trehalose
1141,algae extract
1141,lactobacillus ferment
1141,cholesterol
1141,caffeine
1141,phytosphingosine
1141,squalane
1141,lecithin
1142,squalane
1142,acetyl glucosamine
1142,caffeine
1143,urea
1143,yeast amino acids
1143,trehalose
1143,taurine
1143,palmitoyl oligopeptide
1143,retinol
1143,ascorbyl palmitate
1143,lecithin
1144,caffeine
1145,tetrahexyldecyl ascorbate
1145,squalane
1145,glycosphingolipids
1145,chlorella vulgaris extract
1145,phospholipids
1145,adenosine
1145,ascorbyl palmitate
1145,retinyl palmitate
1146,acetyl glucosamine
1146,ascophyllum nodosum extract
1146,asparagopsis armata extract
1146,caffeine
1146,cholesterol
1146,trehalose
1146,linoleic acid
1146,lecithin
1147,lecithin
1147,caffeine
1149,squalane
1149,caffeine
1149,magnesium ascorbyl phosphate
1149,bifida ferment lysate
1150,lecithin
1151,squalane
1151,cholesterol
1151,trehalose
1151,ascorbyl palmitate
1151,proline
1151,glycine
1151,linoleic acid
1151,phytosphingosine
1152,caffeine
1152,sodium lactate
1152,glycolic acid
1153,caffeine
1153,citric acid
1154,retinyl propionate
1154,retinol
1154,urea
1154,yeast amino acids
1154,trehalose
1154,taurine
1154,macrocystis pyrifera (kelp) extract
1154,lecithin
1155,caffeine
1155,retinyl palmitate
1157,squalane
1157,caffeine
1157,adenosine
1157,alteromonas ferment extract
1158,gluconolactone
1158,allantoin
1158,algae extract
1158,salicylic acid
1158,lactic acid
1159,citric acid
1164,squalane
1164,chlorella vulgaris extract
1164,padina pavonica thallus extract
1164,acetyl glucosamine
1164,caffeine
1164,lecithin
1164,palmitoyl oligopeptide
1164,trehalose
1164,phytosphingosine
1164,tetrahexyldecyl ascorbate
1164,cholesterol
1164,zinc pca
1164,citric acid
1165,retinyl palmitate
1165,magnesium ascorbyl phosphate
1167,squalane
1167,phospholipids
1167,palmitoyl oligopeptide
1167,caffeine
1168,adenosine
1172,caffeine
1172,linolenic acid
1172,linoleic acid
1172,glycine
1172,proline
1173,caffeine
1175,algin
1175,citric acid
1176,sodium lactate
1176,bisabolol
1177,retinol
1177,hydroxypinacolone retinoate
1177,bakuchiol
1177,adenosine
1178,algae extract
1178,citric acid
1179,algin
1179,sodium lactate
1179,algae extract
1180,tetrahexyldecyl ascorbate
1182,caffeine
1182,adenosine
1184,squalane
1184,ascophyllum nodosum extract
1184,asparagopsis armata extract
1184,cholesterol
1184,trehalose
1184,caffeine
1184,lecithin
1184,tetrahexyldecyl ascorbate
1185,tetrahexyldecyl ascorbate
1185,zinc gluconate
1186,allantoin
1186,citric acid
1186,chlorella vulgaris extract
1188,ferulic acid
1188,retinol
1188,caffeine
1188,phospholipids
1188,algae extract
1188,glycolic acid
1188,lactic acid
1188,ascorbyl palmitate
1188,citric acid
1189,algae extract
1189,sodium lactate
1189,citric acid
1191,allantoin
1191,citric acid
1191,chlorella vulgaris extract
1193,lactic acid
1194,trehalose
1194,acetyl glucosamine
1194,caffeine
1194,cholesterol
1194,sodium lactate
1194,phospholipids
1194,linoleic acid
1194,phytosphingosine
1194,linolenic acid
1196,caffeine
1196,lactic acid
1196,trehalose
1196,citric acid
1197,chlorella protothecoides oil
1197,algae exopolysaccharides
1197,algae extract
1197,palmitoyl oligopeptide
1197,citric acid
1198,trehalose
1198,citric acid
1199,ascorbyl glucoside
1199,magnesium sulfate
1199,retinyl palmitate
1199,adenosine
1200,
1200,caffeine
1200,lecithin
1202,caffeine
1202,citric acid
1202,magnesium ascorbyl phosphate
1203,ascorbic acid
1203,retinyl palmitate
1203,citric acid
1204,ascorbyl glucoside
1204,caffeine
1204,magnesium sulfate
1204,palmitoyl oligopeptide
1204,bisabolol
1204,retinyl palmitate
1207,ascorbic acid
1207,superoxide dismutase
1207,glycine
1207,adenosine
1207,ascorbyl glucoside
1207,ectoin
1207,lactic acid
1207,porphyridium cruentum extract
1207,phytic acid
1207,citric acid
1207,lecithin
1208,retinol
1208,lecithin
1209,dipeptide diaminobutyroyl benzylamide diacetate
1209,palmitoyl oligopeptide
1209,retinyl palmitate
1209,allantoin
1210,urea
1210,yeast amino acids
1210,trehalose
1210,taurine
1210,retinol
1210,avocado oil
1210,caffeine
1210,phospholipids
1210,retinyl palmitate
1210,ascorbyl palmitate
1212,bifida ferment lysate
1212,caffeine
1212,squalane
1212,algae extract
1212,lecithin
1212,ascorbyl glucoside
1212,adenosine
1212,retinol
1212,glycolic acid
1212,lactic acid
1212,ascorbyl palmitate
1212,citric acid
1212,ascorbic acid
1213,squalane
1213,tetrahexyldecyl ascorbate
1213,zinc gluconate
1214,rhamnose
1214,adenosine
1215,plankton extract
1215,algae extract
1215,caffeine
1215,acetyl glucosamine
1215,cholesterol
1215,squalane
1215,lecithin
1215,ascorbyl glucoside
1217,cholesterol
1217,linoleic acid
1217,palmitoyl oligopeptide
1217,caffeine
1217,phytosphingosine
1217,magnesium ascorbyl phosphate
1218,squalane
1218,superoxide dismutase
1218,citric acid
1218,ascorbyl palmitate
1218,retinol
1218,ascorbic acid
1218,lecithin
1218,retinyl palmitate
1219,lactobacillus ferment
1219,squalane
1220,allantoin
1220,adenosine
1221,squalane
1221,magnesium sulfate
1221,lecithin
1221,adenosine
1221,bisabolol
1222,squalane
1222,bisabolol
1223,squalane
1223,algae extract
1223,caffeine
1223,palmitoyl oligopeptide
1223,bisabolol
1223,resveratrol
1223,ascorbyl palmitate
1223,retinyl palmitate
1224,milk thistle extract
1225,kojic acid
1225,magnesium ascorbyl phosphate
1226,citric acid
1226,lactic acid
1226,lecithin
1226,salicylic acid
1231,algae extract
1231,shea butter
1231,taurine
1231,trehalose
1231,bisabolol
1231,glycine
1231,alanine
1231,proline
1231,serine
1231,threonine
1231,arginine
1231,lysine
1231,palmitoyl oligopeptide
1231,yeast amino acids
1231,urea
1231,zinc gluconate
1232,squalane
1232,chondrus crispus
1232,citric acid
1233,caffeine
1233,palmitoyl oligopeptide
1234,plankton extract
1234,adenosine
1234,lecithin
1235,caffeine
1235,citric acid
1236,caffeine
1236,phytosphingosine
1236,citric acid
1238,caffeine
1238,retinol
1238,ascorbic acid
1238,retinyl palmitate
1238,superoxide dismutase
1238,squalane
1238,lecithin
1238,allantoin
1238,algae extract
1238,citric acid
1239,plankton extract
1239,caffeine
1239,algae extract
1239,cholesterol
1239,lecithin
1239,acetyl glucosamine
1239,linoleic acid
1239,trehalose
1239,zinc pca
1239,citric acid
1240,ascorbyl glucoside
1240,lecithin
1240,adenosine
1240,retinol
1240,glycolic acid
1241,dipeptide diaminobutyroyl benzylamide diacetate
1241,palmitoyl oligopeptide
1241,phospholipids
1241,trehalose
1241,urea
1241,ascorbyl palmitate
1241,glycolipids
1241,lecithin
1241,retinyl palmitate
1241,arginine
1241,glycine
1241,lysine
1241,proline
1242,caffeine
1242,sodium ascorbyl phosphate
1242,lecithin
1242,superoxide dismutase
1242,squalane
1242,retinyl palmitate
1243,porphyridium cruentum extract
1244,bisabolol
1244,caffeine
1244,lecithin
1244,ascorbyl glucoside
1244,lactic acid
1244,ascorbyl palmitate
1244,citric acid
1244,ascorbic acid
1245,ectoin
1245,adenosine
1245,sodium lactate
1245,allantoin
1245,arginine
1245,glycine
1245,alanine
1245,serine
1245,valine
1245,isoleucine
1245,proline
1245,threonine
1245,histidine
1246,ascorbyl glucoside
1246,citric acid
1248,ascorbyl glucoside
1248,caffeine
1248,arginine
1248,salicylic acid
1248,phospholipids
1248,citric acid
1250,algae extract
1251,trehalose
1251,phytosphingosine
1251,algae extract
1251,squalane
1251,urea
1251,lecithin
1252,caffeine
1252,phospholipids
1253,trehalose
1253,caffeine
1253,citric acid
1255,algin
1255,citric acid
1256,urea
1256,algae extract
1256,ascophyllum nodosum extract
1256,asparagopsis armata extract
1256,adenosine
1256,citric acid
1257,ascophyllum nodosum extract
1257,asparagopsis armata extract
1257,adenosine
1257,tripleurospermum maritimum extract
1259,squalane
1259,citric acid
1260,citric acid
1262,citric acid
1263,trehalose
1263,adenosine
1263,zinc gluconate
1263,sodium lactate
1263,palmitoyl oligopeptide
1264,superoxide dismutase
1266,chlorella protothecoides oil
1266,algae exopolysaccharides
1266,algae extract
1266,lysine
1266,arginine pca
1266,citric acid
1267,zinc pca
1267,caffeine
1268,phytosphingosine
1269,tetrahexyldecyl ascorbate
1269,caffeine
1269,lecithin
1269,citric acid
1270,retinyl palmitate
1270,algin
1273,squalane
1273,bifida ferment lysate
1273,citric acid
1273,caffeine
1273,carnosine
1273,adenosine
1273,lecithin
1273,lactic acid
1273,ascorbyl palmitate
1273,ascorbic acid
1273,plankton extract
1273,retinyl palmitate
1275,shea butter
1275,lecithin
1275,palmitoyl oligopeptide
1275,caffeine
1275,retinyl palmitate
1275,phospholipids
1276,squalane
1276,cholesterol
1276,phytosphingosine
1276,tetrahexyldecyl ascorbate
1277,algae exopolysaccharides
1277,arginine/lysine polypeptide
1277,caffeine
1277,adenosine
1277,sodium lactate
1279,caffeine
1280,tetrahexyldecyl ascorbate
1280,caffeine
1281,adenosine
1281,arginine
1282,bisabolol
1282,caffeine
1282,adenosine
1282,ectoin
1282,lecithin
1282,alteromonas ferment extract
1282,citric acid
1282,ascorbyl palmitate
1283,squalane
1283,palmitoyl oligopeptide
1284,yeast amino acids
1284,butyl methoxydibenzoylmethane
1284,caffeine
1286,algae extract
1286,adenosine
1286,lecithin
1286,glycolipids
1287,bisabolol
1287,citric acid
1287,lysine
1289,squalane
1289,cholesterol
1289,willow bark extract
1289,ahnfeltia concinna extract
1289,phospholipids
1289,lecithin
1289,ascorbic acid
1290,lecithin
1290,squalane
1290,retinol
1291,caffeine
1291,citric acid
1293,squalane
1294,trehalose
1294,algae extract
1294,ascophyllum nodosum extract
1294,asparagopsis armata extract
1294,caffeine
1294,acetyl glucosamine
1294,urea
1294,tetrahexyldecyl ascorbate
1294,citric acid
1296,tetrahexyldecyl ascorbate
1296,squalane
1296,bisabolol
1296,ascorbyl palmitate
1297,squalane
1297,adenosine
1297,lecithin
1297,citric acid
1297,salicylic acid
1298,squalane
1298,algin
1299,ascorbyl palmitate
1299,citric acid
1301,squalane
1301,lactic acid
1305,ectoin
1307,lecithin
1307,zinc sulfate
1308,allantoin
1309,algae extract
1309,lecithin
1311,allantoin
1311,lecithin
1311,citric acid
1314,bis-ethylhexyloxyphenol methoxyphenyl triazine
1315,retinyl palmitate
1315,ascorbic acid
1315,bisabolol
1315,urea
1315,yeast amino acids
1315,trehalose
1315,taurine
1316,acetyl glucosamine
1316,tetrahexyldecyl ascorbate
1316,glycine
1316,lecithin
1317,acetyl glucosamine
1317,tetrahexyldecyl ascorbate
1317,glycine
1317,lecithin
1320,citric acid
1321,bisabolol
1321,resveratrol
1323,lactobacillus ferment
1323,ascorbyl palmitate
1325,alteromonas ferment extract
1325,citric acid
1326,gluconolactone
1326,plankton extract
1327,ectoin
1328,zinc gluconate
1329,allantoin
1329,ascorbic acid
1329,retinyl palmitate
1331,sodium lactate
1331,lactic acid
1331,serine
1331,urea
1331,allantoin
1332,magnesium sulfate
1333,glycolic acid
1333,citric acid
1333,mandelic acid
1333,adenosine
1334,plankton extract
1335,bisabolol
1335,tetrahexyldecyl ascorbate
1336,urea
1336,yeast amino acids
1336,trehalose
1336,taurine
1336,phospholipids
1336,retinyl palmitate
1336,ascorbyl palmitate
1336,glycolipids
1336,lecithin
1336,magnesium ascorbyl phosphate
1336,evening primrose oil
1337,octocrylene
1337,ethylhexyl salicylate
1338,cholesterol
1338,linoleic acid
1338,caffeine
1338,acetyl glucosamine
1338,linolenic acid
1338,phospholipids
1338,trehalose
1338,sodium lactate
1339,citric acid
1339,ascorbic acid
1339,glycolic acid
1339,lactic acid
1340,magnesium sulfate
1340,ascorbyl glucoside
1341,citric acid
1342,cholesterol
1342,caffeine
1342,phytosphingosine
1342,squalane
1342,linoleic acid
1342,trehalose
1342,tetrahexyldecyl ascorbate
1342,citric acid
1342,lecithin
1343,serine
1343,glycine
1343,alanine
1343,citric acid
1349,plankton extract
1349,algae extract
1349,caffeine
1349,acetyl glucosamine
1349,lecithin
1353,palmitoyl oligopeptide
1355,squalane
1355,sweet almond oil
1357,magnesium ascorbyl phosphate
1357,squalane
1357,lecithin
1357,citric acid
1358,squalane
1358,urea
1358,allantoin
1359,shea butter
1359,adenosine
1359,alteromonas ferment extract
1359,citric acid
1360,plankton extract
1361,adenosine
1362,zinc gluconate
1362,caffeine
1362,citric acid
1367,lecithin
1371,trehalose
1371,plankton extract
1371,algae extract
1371,lactobacillus ferment
1371,caffeine
1371,lecithin
1371,squalane
1371,tetrahexyldecyl ascorbate
1373,alteromonas ferment extract
1373,sodium ascorbyl phosphate
1373,lecithin
1375,adenosine
1376,plankton extract
1376,caffeine
1376,lecithin
1377,magnesium sulfate
1378,squalane
1378,bisabolol
1379,bisabolol
1379,lecithin
1380,alaria esculenta extract
1381,algae extract
1381,plankton extract
1381,acetyl glucosamine
1381,caffeine
1381,lecithin
1381,citric acid
1382,magnesium ascorbyl phosphate
1382,retinyl palmitate
1382,tetrahexyldecyl ascorbate
1385,citric acid
1385,algae extract
1385,pseudoalteromonas exopolysaccharides
1386,butyl methoxydibenzoylmethane
1386,urea
1386,allantoin
1388,plankton extract
1389,ascorbyl palmitate
1390,urea
1390,yeast amino acids
1390,trehalose
1390,taurine
1390,phospholipids
1390,retinyl palmitate
1390,ascorbyl palmitate
1390,zinc gluconate
1390,sodium ascorbyl phosphate
1390,lactic acid
1391,
1392,arginine
1392,allantoin
1392,bisabolol
1392,taurine
1392,trehalose
1392,urea
1392,proline
1392,glycine
1392,algin
1394,trehalose
1395,algae exopolysaccharides
1395,chlorella protothecoides oil
1395,allantoin
1396,lysine
1396,phospholipids
1396,squalane
1396,superoxide dismutase
1396,tetrahexyldecyl ascorbate
1398,chlorella vulgaris extract
1398,plankton extract
1398,lecithin
1398,caffeine
1398,cholesterol
1398,tetrahexyldecyl ascorbate
1398,citric acid
1401,caprooyl phytosphingosine
1401,cholesterol
1401,tetrahexyldecyl ascorbate
1404,allantoin
1406,algae extract
1406,squalane
1406,linoleic acid
1406,caffeine
1406,cholesterol
1406,lecithin
1406,trehalose
1406,tetrahexyldecyl ascorbate
1406,urea
1406,citric acid
1407,ascorbyl glucoside
1407,citric acid
1407,glycolic acid
1407,magnesium ascorbyl phosphate
1407,phospholipids
1407,tetrahexyldecyl ascorbate
1408,plankton extract
1409,algae extract
1409,padina pavonica thallus extract
1409,linoleic acid
1409,caffeine
1409,cholesterol
1409,phytosphingosine
1409,squalane
1409,trehalose
1409,proline
1409,citric acid
1409,glycine
1409,lecithin
1410,ascorbyl palmitate
1411,trehalose
1411,citric acid
1412,sodium ascorbyl phosphate
1414,citric acid
1414,plankton extract
1415,cholesterol
1415,phospholipids
1415,trehalose
1415,linolenic acid
1415,lecithin
1415,squalane
1415,linoleic acid
1415,urea
1416,ascorbyl glucoside
1416,tetrahexyldecyl ascorbate
1416,phospholipids
1416,glycolic acid
1416,citric acid
1417,magnesium sulfate
1418,adenosine
1419,algae extract
1419,caffeine
1419,cholesterol
1419,tetrahexyldecyl ascorbate
1419,citric acid
1422,lecithin
1422,linoleic acid
1422,magnesium ascorbyl phosphate
1422,linolenic acid
1422,bisabolol
1422,citric acid
1426,vitamin c
1427,algae extract
1427,plankton extract
1427,acetyl glucosamine
1427,caffeine
1427,trehalose
1427,lecithin
1428,cholesterol
1428,caffeine
1428,linoleic acid
1428,lecithin
1428,squalane
1428,urea
1428,tetrahexyldecyl ascorbate
1428,citric acid
1428,trehalose
1429,gluconolactone
1430,lecithin
1430,caffeine
1430,proline
1430,sodium ascorbyl phosphate
1430,cholesterol
1430,caprooyl phytosphingosine
1430,caprooyl sphingosine
1430,allantoin
1431,phospholipids
1432,lecithin
1434,caprooyl phytosphingosine
1434,cholesterol
1434,tetrahexyldecyl ascorbate
1439,citric acid
1441,algae extract
1441,padina pavonica thallus extract
1441,linoleic acid
1441,caffeine
1441,cholesterol
1441,phytosphingosine
1441,trehalose
1441,proline
1441,glycine
1441,lecithin
1442,algae extract
1443,tetrahexyldecyl ascorbate
1443,caffeine
1443,squalane
1444,octinoxate
1444,octisalate
1444,ascorbic acid
1444,ascorbyl palmitate
1444,phospholipids
1444,resveratrol
1447,caffeine
1448,gluconolactone
1448,bifida ferment lysate
1448,bisabolol
1448,lecithin
1448,adenosine
1448,retinol
1448,glycolic acid
1448,ascorbyl palmitate
1448,citric acid
1448,lactic acid
1448,ascorbic acid
1449,homosalate
1449,octocrylene
1449,squalane
1449,ethylhexyl salicylate
1449,butyl methoxydibenzoylmethane
1450,citric acid
1452,citric acid
1454,citric acid
1457,ascorbic acid
1457,phospholipids
1457,resveratrol
1458,phytic acid
1460,arginine hcl
1462,salicylic acid
1465,magnesium sulfate
1465,cholesterol
1465,perfluorodecalin
1465,citric acid
1465,ascorbic acid
1465,retinyl palmitate
1465,palmitoyl oligopeptide
1467,palmitoyl oligopeptide
1467,retinyl palmitate
1467,trehalose
1467,urea
1467,sodium ascorbyl phosphate
1467,sodium lactate
1468,lecithin
1468,ascorbyl palmitate
1469,adenosine
1469,trehalose
1469,palmitoyl oligopeptide
1469,urea
1469,sodium lactate
